Date,Ticker,Predicted_Movement,Buy
2025-12-29 00:00:00+00:00,DIS,0.4006028,1
2025-12-29 00:00:00+00:00,FI,0.33928582,1
2025-12-29 00:00:00+00:00,ADBE,0.2779419,1
2025-12-29 00:00:00+00:00,TPR,0.27695167,1
2025-12-29 00:00:00+00:00,ZTS,0.27244812,1
2025-12-29 00:00:00+00:00,A,0.25078183,1
2025-12-29 00:00:00+00:00,YUM,0.23429409,1
2025-12-29 00:00:00+00:00,ROST,0.22734715,1
2025-12-29 00:00:00+00:00,INCY,0.22142845,1
2025-12-29 00:00:00+00:00,EBAY,0.19723831,1
2025-12-29 00:00:00+00:00,STT,0.1922109,1
2025-12-29 00:00:00+00:00,WMT,0.16943458,1
2025-12-29 00:00:00+00:00,PLTR,0.16814238,1
2025-12-29 00:00:00+00:00,HON,0.16795936,1
2025-12-29 00:00:00+00:00,MCHP,0.16388604,1
2025-12-29 00:00:00+00:00,PNW,0.16361873,1
2025-12-29 00:00:00+00:00,UPS,0.15815409,1
2025-12-29 00:00:00+00:00,GPN,0.1513932,1
2025-12-29 00:00:00+00:00,AVY,0.15122882,1
2025-12-29 00:00:00+00:00,DOV,0.15053703,1
2025-12-29 00:00:00+00:00,DG,0.1502845,1
2025-12-29 00:00:00+00:00,TJX,0.15012492,1
2025-12-29 00:00:00+00:00,RTX,0.14514446,1
2025-12-29 00:00:00+00:00,APD,0.14019229,1
2025-12-29 00:00:00+00:00,MAS,0.12414902,1
2025-12-29 00:00:00+00:00,AKAM,0.12273808,1
2025-12-29 00:00:00+00:00,ADI,0.115632966,1
2025-12-29 00:00:00+00:00,ATO,0.111107126,1
2025-12-29 00:00:00+00:00,UBER,0.10162051,1
2025-12-29 00:00:00+00:00,AAPL,0.099879384,1
2025-12-29 00:00:00+00:00,WFC,0.09466253,1
2025-12-29 00:00:00+00:00,BSX,0.08801539,1
2025-12-29 00:00:00+00:00,CRM,0.08783635,1
2025-12-29 00:00:00+00:00,QCOM,0.08115877,1
2025-12-29 00:00:00+00:00,CINF,0.08113447,1
2025-12-29 00:00:00+00:00,PG,0.07908605,1
2025-12-29 00:00:00+00:00,PAYX,0.07801531,1
2025-12-29 00:00:00+00:00,ICE,0.071338765,1
2025-12-29 00:00:00+00:00,DUK,0.06732998,1
2025-12-29 00:00:00+00:00,COF,0.06617234,1
2025-12-29 00:00:00+00:00,WEC,0.06436639,1
2025-12-29 00:00:00+00:00,GL,0.063812844,1
2025-12-29 00:00:00+00:00,L,0.0633426,1
2025-12-29 00:00:00+00:00,JNJ,0.06253941,1
2025-12-29 00:00:00+00:00,MRK,0.062284835,1
2025-12-29 00:00:00+00:00,DELL,0.060149442,1
2025-12-29 00:00:00+00:00,ED,0.05373324,1
2025-12-29 00:00:00+00:00,EXC,0.05230793,1
2025-12-29 00:00:00+00:00,LVS,0.04658478,1
2025-12-29 00:00:00+00:00,GILD,0.04410757,1
2025-12-29 00:00:00+00:00,VRSN,0.042048287,1
2025-12-29 00:00:00+00:00,TRV,0.040201873,1
2025-12-29 00:00:00+00:00,CBRE,0.03849659,1
2025-12-29 00:00:00+00:00,SO,0.036797285,1
2025-12-29 00:00:00+00:00,CSGP,0.0355971,1
2025-12-29 00:00:00+00:00,MGM,0.030688658,1
2025-12-29 00:00:00+00:00,CRL,0.030592564,1
2025-12-29 00:00:00+00:00,MOH,0.029903192,1
2025-12-29 00:00:00+00:00,FIS,0.024801191,1
2025-12-29 00:00:00+00:00,NVR,0.0207679,1
2025-12-29 00:00:00+00:00,RJF,0.013489767,1
2025-12-29 00:00:00+00:00,NWS,0.01301774,1
2025-12-29 00:00:00+00:00,FRT,0.004285895,1
2025-12-29 00:00:00+00:00,HWM,0.003920762,1
2025-12-29 00:00:00+00:00,CB,0.0015898463,1
2025-12-29 00:00:00+00:00,CNC,-0.00010367079,1
2025-12-29 00:00:00+00:00,EMR,-0.00037319865,1
2025-12-29 00:00:00+00:00,WYNN,-0.0005619051,1
2025-12-29 00:00:00+00:00,WM,-0.00061460695,1
2025-12-29 00:00:00+00:00,ARE,-0.0018105964,1
2025-12-29 00:00:00+00:00,GM,-0.00498288,1
2025-12-29 00:00:00+00:00,RSG,-0.0056517236,1
2025-12-29 00:00:00+00:00,PFE,-0.008855811,1
2025-12-29 00:00:00+00:00,AFL,-0.008950553,1
2025-12-29 00:00:00+00:00,TMUS,-0.009062975,1
2025-12-29 00:00:00+00:00,F,-0.012818604,1
2025-12-29 00:00:00+00:00,PANW,-0.014931746,1
2025-12-29 00:00:00+00:00,INTC,-0.016124992,1
2025-12-29 00:00:00+00:00,NFLX,-0.016977066,1
2025-12-29 00:00:00+00:00,ECL,-0.017702622,1
2025-12-29 00:00:00+00:00,AON,-0.01829923,1
2025-12-29 00:00:00+00:00,EXPD,-0.021302719,1
2025-12-29 00:00:00+00:00,IP,-0.021633629,1
2025-12-29 00:00:00+00:00,ABNB,-0.022275494,1
2025-12-29 00:00:00+00:00,AEP,-0.022365449,1
2025-12-29 00:00:00+00:00,CTSH,-0.023958832,1
2025-12-29 00:00:00+00:00,XOM,-0.024186932,1
2025-12-29 00:00:00+00:00,TXN,-0.024481427,1
2025-12-29 00:00:00+00:00,ENPH,-0.026313858,1
2025-12-29 00:00:00+00:00,SJM,-0.027136944,1
2025-12-29 00:00:00+00:00,MKTX,-0.02805084,1
2025-12-29 00:00:00+00:00,MAA,-0.030216288,1
2025-12-29 00:00:00+00:00,PRU,-0.031925324,1
2025-12-29 00:00:00+00:00,SWK,-0.032046754,1
2025-12-29 00:00:00+00:00,AJG,-0.034065403,1
2025-12-29 00:00:00+00:00,AME,-0.03559311,1
2025-12-29 00:00:00+00:00,MCD,-0.035758592,1
2025-12-29 00:00:00+00:00,FTV,-0.036990624,1
2025-12-29 00:00:00+00:00,HST,-0.038019765,1
2025-12-29 00:00:00+00:00,SBUX,-0.045499884,1
2025-12-29 00:00:00+00:00,SWKS,-0.046699475,1
2025-12-29 00:00:00+00:00,C,-0.048861675,1
2025-12-29 00:00:00+00:00,AMTM,-0.05295908,1
2025-12-29 00:00:00+00:00,CVX,-0.054015677,1
2025-12-29 00:00:00+00:00,AMZN,-0.054071844,1
2025-12-29 00:00:00+00:00,SHW,-0.054698873,1
2025-12-29 00:00:00+00:00,EIX,-0.056456152,1
2025-12-29 00:00:00+00:00,EA,-0.057739258,1
2025-12-29 00:00:00+00:00,FTNT,-0.058204085,1
2025-12-29 00:00:00+00:00,UDR,-0.058216743,1
2025-12-29 00:00:00+00:00,BG,-0.059709694,1
2025-12-29 00:00:00+00:00,UNP,-0.060349535,1
2025-12-29 00:00:00+00:00,SCHW,-0.06185067,1
2025-12-29 00:00:00+00:00,CTVA,-0.062224366,1
2025-12-29 00:00:00+00:00,MS,-0.06414377,1
2025-12-29 00:00:00+00:00,VRTX,-0.06477498,1
2025-12-29 00:00:00+00:00,ADM,-0.06530087,1
2025-12-29 00:00:00+00:00,ABT,-0.06570783,1
2025-12-29 00:00:00+00:00,PEG,-0.06662436,1
2025-12-29 00:00:00+00:00,CI,-0.06683041,1
2025-12-29 00:00:00+00:00,CAH,-0.06827122,1
2025-12-29 00:00:00+00:00,AMCR,-0.07255473,1
2025-12-29 00:00:00+00:00,SYY,-0.07524423,1
2025-12-29 00:00:00+00:00,NEE,-0.07569459,1
2025-12-29 00:00:00+00:00,CZR,-0.076827824,1
2025-12-29 00:00:00+00:00,CHTR,-0.08205994,1
2025-12-29 00:00:00+00:00,TGT,-0.08220883,1
2025-12-29 00:00:00+00:00,PFG,-0.08348172,1
2025-12-29 00:00:00+00:00,KR,-0.08558214,1
2025-12-29 00:00:00+00:00,SBAC,-0.08727415,1
2025-12-29 00:00:00+00:00,GLW,-0.0902675,1
2025-12-29 00:00:00+00:00,UHS,-0.09231581,1
2025-12-29 00:00:00+00:00,HRL,-0.09517096,1
2025-12-29 00:00:00+00:00,NTAP,-0.095492095,1
2025-12-29 00:00:00+00:00,RVTY,-0.09753508,1
2025-12-29 00:00:00+00:00,PM,-0.0990077,1
2025-12-29 00:00:00+00:00,WY,-0.10026702,1
2025-12-29 00:00:00+00:00,ROL,-0.10089344,1
2025-12-29 00:00:00+00:00,ES,-0.101310864,1
2025-12-29 00:00:00+00:00,JBHT,-0.10131843,1
2025-12-29 00:00:00+00:00,NCLH,-0.101585284,1
2025-12-29 00:00:00+00:00,WMB,-0.102831565,1
2025-12-29 00:00:00+00:00,ALB,-0.103114106,1
2025-12-29 00:00:00+00:00,MKC,-0.1045004,1
2025-12-29 00:00:00+00:00,TFX,-0.10493437,1
2025-12-29 00:00:00+00:00,AMD,-0.10513974,1
2025-12-29 00:00:00+00:00,TSCO,-0.1052551,1
2025-12-29 00:00:00+00:00,PLD,-0.10560163,1
2025-12-29 00:00:00+00:00,VTRS,-0.10600613,1
2025-12-29 00:00:00+00:00,CMS,-0.10649152,1
2025-12-29 00:00:00+00:00,BR,-0.10651742,1
2025-12-29 00:00:00+00:00,MSFT,-0.109672785,1
2025-12-29 00:00:00+00:00,DHR,-0.11151096,1
2025-12-29 00:00:00+00:00,BK,-0.112741895,1
2025-12-29 00:00:00+00:00,ANET,-0.113864645,1
2025-12-29 00:00:00+00:00,NKE,-0.11523674,1
2025-12-29 00:00:00+00:00,QRVO,-0.115664154,1
2025-12-29 00:00:00+00:00,GS,-0.11609272,1
2025-12-29 00:00:00+00:00,OMC,-0.116329916,1
2025-12-29 00:00:00+00:00,FOXA,-0.118954994,1
2025-12-29 00:00:00+00:00,LEN,-0.11990411,1
2025-12-29 00:00:00+00:00,NDSN,-0.1199361,1
2025-12-29 00:00:00+00:00,HSY,-0.12121287,1
2025-12-29 00:00:00+00:00,SYK,-0.122094154,1
2025-12-29 00:00:00+00:00,AVB,-0.1238738,1
2025-12-29 00:00:00+00:00,AIZ,-0.1257795,1
2025-12-29 00:00:00+00:00,NWSA,-0.12763257,1
2025-12-29 00:00:00+00:00,PSX,-0.12802325,1
2025-12-29 00:00:00+00:00,CE,-0.12919761,1
2025-12-29 00:00:00+00:00,LYV,-0.12998126,1
2025-12-29 00:00:00+00:00,ODFL,-0.13001549,1
2025-12-29 00:00:00+00:00,FOX,-0.13016996,1
2025-12-29 00:00:00+00:00,EXR,-0.13060267,1
2025-12-29 00:00:00+00:00,GE,-0.13109656,1
2025-12-29 00:00:00+00:00,SRE,-0.13509126,1
2025-12-29 00:00:00+00:00,ETR,-0.13615872,1
2025-12-29 00:00:00+00:00,GPC,-0.13662732,1
2025-12-29 00:00:00+00:00,EMN,-0.13743216,1
2025-12-29 00:00:00+00:00,AEE,-0.13774969,1
2025-12-29 00:00:00+00:00,WDC,-0.13924474,1
2025-12-29 00:00:00+00:00,AWK,-0.14000404,1
2025-12-29 00:00:00+00:00,SYF,-0.14023891,1
2025-12-29 00:00:00+00:00,WAB,-0.14177325,1
2025-12-29 00:00:00+00:00,LUV,-0.1420249,1
2025-12-29 00:00:00+00:00,EL,-0.14231248,1
2025-12-29 00:00:00+00:00,COP,-0.14353074,0
2025-12-29 00:00:00+00:00,WST,-0.14358175,0
2025-12-29 00:00:00+00:00,PGR,-0.14486173,0
2025-12-29 00:00:00+00:00,ERIE,-0.14565977,0
2025-12-29 00:00:00+00:00,FDX,-0.14740539,0
2025-12-29 00:00:00+00:00,UNH,-0.14975375,0
2025-12-29 00:00:00+00:00,BMY,-0.14995533,0
2025-12-29 00:00:00+00:00,VLTO,-0.14999871,0
2025-12-29 00:00:00+00:00,TROW,-0.1506579,0
2025-12-29 00:00:00+00:00,GRMN,-0.15075582,0
2025-12-29 00:00:00+00:00,CSX,-0.15232335,0
2025-12-29 00:00:00+00:00,GDDY,-0.15347381,0
2025-12-29 00:00:00+00:00,SMCI,-0.15532169,0
2025-12-29 00:00:00+00:00,MET,-0.15992646,0
2025-12-29 00:00:00+00:00,CME,-0.16029643,0
2025-12-29 00:00:00+00:00,STLD,-0.1608346,0
2025-12-29 00:00:00+00:00,MHK,-0.16085248,0
2025-12-29 00:00:00+00:00,INVH,-0.16252902,0
2025-12-29 00:00:00+00:00,BXP,-0.1631267,0
2025-12-29 00:00:00+00:00,EW,-0.16334249,0
2025-12-29 00:00:00+00:00,BRO,-0.16524614,0
2025-12-29 00:00:00+00:00,TAP,-0.16553265,0
2025-12-29 00:00:00+00:00,V,-0.16704136,0
2025-12-29 00:00:00+00:00,COO,-0.17041005,0
2025-12-29 00:00:00+00:00,PTC,-0.17047802,0
2025-12-29 00:00:00+00:00,BBY,-0.17334768,0
2025-12-29 00:00:00+00:00,AIG,-0.17396814,0
2025-12-29 00:00:00+00:00,LKQ,-0.17514154,0
2025-12-29 00:00:00+00:00,PCAR,-0.17551635,0
2025-12-29 00:00:00+00:00,DVA,-0.17814457,0
2025-12-29 00:00:00+00:00,EFX,-0.18023401,0
2025-12-29 00:00:00+00:00,ON,-0.1804876,0
2025-12-29 00:00:00+00:00,GOOGL,-0.18163653,0
2025-12-29 00:00:00+00:00,XYL,-0.18205313,0
2025-12-29 00:00:00+00:00,DGX,-0.18362007,0
2025-12-29 00:00:00+00:00,NDAQ,-0.18408856,0
2025-12-29 00:00:00+00:00,DLTR,-0.18515764,0
2025-12-29 00:00:00+00:00,CPT,-0.18587703,0
2025-12-29 00:00:00+00:00,WRB,-0.18640757,0
2025-12-29 00:00:00+00:00,VTR,-0.18823364,0
2025-12-29 00:00:00+00:00,BIIB,-0.19042791,0
2025-12-29 00:00:00+00:00,JPM,-0.19217707,0
2025-12-29 00:00:00+00:00,CAG,-0.19300021,0
2025-12-29 00:00:00+00:00,HAS,-0.19560911,0
2025-12-29 00:00:00+00:00,MMM,-0.19686323,0
2025-12-29 00:00:00+00:00,LNT,-0.19686538,0
2025-12-29 00:00:00+00:00,PAYC,-0.1970993,0
2025-12-29 00:00:00+00:00,BX,-0.19818653,0
2025-12-29 00:00:00+00:00,DXCM,-0.19924966,0
2025-12-29 00:00:00+00:00,NTRS,-0.19941577,0
2025-12-29 00:00:00+00:00,CHD,-0.19995119,0
2025-12-29 00:00:00+00:00,LRCX,-0.20028478,0
2025-12-29 00:00:00+00:00,MSI,-0.20078503,0
2025-12-29 00:00:00+00:00,CVS,-0.20150615,0
2025-12-29 00:00:00+00:00,CLX,-0.202316,0
2025-12-29 00:00:00+00:00,IRM,-0.20379011,0
2025-12-29 00:00:00+00:00,VRSK,-0.20590214,0
2025-12-29 00:00:00+00:00,RF,-0.20607997,0
2025-12-29 00:00:00+00:00,APH,-0.2085819,0
2025-12-29 00:00:00+00:00,HAL,-0.20881447,0
2025-12-29 00:00:00+00:00,FITB,-0.20974764,0
2025-12-29 00:00:00+00:00,WTW,-0.21093601,0
2025-12-29 00:00:00+00:00,ALLE,-0.21318237,0
2025-12-29 00:00:00+00:00,FAST,-0.21322714,0
2025-12-29 00:00:00+00:00,WELL,-0.21380083,0
2025-12-29 00:00:00+00:00,PEP,-0.21391019,0
2025-12-29 00:00:00+00:00,CCL,-0.21682389,0
2025-12-29 00:00:00+00:00,ACGL,-0.21687382,0
2025-12-29 00:00:00+00:00,TTWO,-0.21812761,0
2025-12-29 00:00:00+00:00,MOS,-0.21847573,0
2025-12-29 00:00:00+00:00,MDT,-0.21945207,0
2025-12-29 00:00:00+00:00,ADP,-0.22099133,0
2025-12-29 00:00:00+00:00,POOL,-0.22126754,0
2025-12-29 00:00:00+00:00,AES,-0.2221533,0
2025-12-29 00:00:00+00:00,GEV,-0.22215429,0
2025-12-29 00:00:00+00:00,J,-0.22241087,0
2025-12-29 00:00:00+00:00,NUE,-0.2225943,0
2025-12-29 00:00:00+00:00,BEN,-0.22279446,0
2025-12-29 00:00:00+00:00,GEHC,-0.2232224,0
2025-12-29 00:00:00+00:00,EXPE,-0.226809,0
2025-12-29 00:00:00+00:00,CMCSA,-0.22762908,0
2025-12-29 00:00:00+00:00,ITW,-0.22808485,0
2025-12-29 00:00:00+00:00,MMC,-0.22816247,0
2025-12-29 00:00:00+00:00,EQT,-0.22872348,0
2025-12-29 00:00:00+00:00,PNR,-0.22962907,0
2025-12-29 00:00:00+00:00,SOLV,-0.23062629,0
2025-12-29 00:00:00+00:00,ABBV,-0.2315405,0
2025-12-29 00:00:00+00:00,HUBB,-0.23275197,0
2025-12-29 00:00:00+00:00,IVZ,-0.23405118,0
2025-12-29 00:00:00+00:00,CNP,-0.23858693,0
2025-12-29 00:00:00+00:00,IR,-0.24011393,0
2025-12-29 00:00:00+00:00,KEY,-0.24015911,0
2025-12-29 00:00:00+00:00,D,-0.24212031,0
2025-12-29 00:00:00+00:00,IEX,-0.24221323,0
2025-12-29 00:00:00+00:00,PHM,-0.24362928,0
2025-12-29 00:00:00+00:00,ORLY,-0.24540688,0
2025-12-29 00:00:00+00:00,NI,-0.24594419,0
2025-12-29 00:00:00+00:00,STZ,-0.24626058,0
2025-12-29 00:00:00+00:00,CFG,-0.24653248,0
2025-12-29 00:00:00+00:00,HIG,-0.2490742,0
2025-12-29 00:00:00+00:00,LMT,-0.24991937,0
2025-12-29 00:00:00+00:00,KHC,-0.2527937,0
2025-12-29 00:00:00+00:00,EQR,-0.2530705,0
2025-12-29 00:00:00+00:00,LOW,-0.2547567,0
2025-12-29 00:00:00+00:00,CRWD,-0.25496963,0
2025-12-29 00:00:00+00:00,TDG,-0.2562178,0
2025-12-29 00:00:00+00:00,BLDR,-0.25819656,0
2025-12-29 00:00:00+00:00,BALL,-0.2583293,0
2025-12-29 00:00:00+00:00,STE,-0.25895151,0
2025-12-29 00:00:00+00:00,LDOS,-0.2591228,0
2025-12-29 00:00:00+00:00,NOW,-0.25987375,0
2025-12-29 00:00:00+00:00,JKHY,-0.26064324,0
2025-12-29 00:00:00+00:00,SW,-0.2606833,0
2025-12-29 00:00:00+00:00,TFC,-0.26184464,0
2025-12-29 00:00:00+00:00,HD,-0.26319328,0
2025-12-29 00:00:00+00:00,MDLZ,-0.26373687,0
2025-12-29 00:00:00+00:00,INTU,-0.26443067,0
2025-12-29 00:00:00+00:00,VICI,-0.26460382,0
2025-12-29 00:00:00+00:00,MLM,-0.26692814,0
2025-12-29 00:00:00+00:00,NSC,-0.2689665,0
2025-12-29 00:00:00+00:00,BA,-0.2728932,0
2025-12-29 00:00:00+00:00,GD,-0.27293637,0
2025-12-29 00:00:00+00:00,KKR,-0.27408814,0
2025-12-29 00:00:00+00:00,RL,-0.27486148,0
2025-12-29 00:00:00+00:00,OKE,-0.27523702,0
2025-12-29 00:00:00+00:00,MRNA,-0.27592918,0
2025-12-29 00:00:00+00:00,CPRT,-0.27643958,0
2025-12-29 00:00:00+00:00,DOC,-0.2777143,0
2025-12-29 00:00:00+00:00,KMX,-0.27855837,0
2025-12-29 00:00:00+00:00,PCG,-0.28024194,0
2025-12-29 00:00:00+00:00,AXP,-0.2822137,0
2025-12-29 00:00:00+00:00,EOG,-0.2831746,0
2025-12-29 00:00:00+00:00,SPG,-0.28491673,0
2025-12-29 00:00:00+00:00,ISRG,-0.28500298,0
2025-12-29 00:00:00+00:00,TXT,-0.28569353,0
2025-12-29 00:00:00+00:00,GNRC,-0.28612038,0
2025-12-29 00:00:00+00:00,EVRG,-0.2861741,0
2025-12-29 00:00:00+00:00,PPL,-0.28874624,0
2025-12-29 00:00:00+00:00,HPE,-0.29012218,0
2025-12-29 00:00:00+00:00,TER,-0.29095188,0
2025-12-29 00:00:00+00:00,CBOE,-0.29377437,0
2025-12-29 00:00:00+00:00,DAL,-0.29585233,0
2025-12-29 00:00:00+00:00,ULTA,-0.2967481,0
2025-12-29 00:00:00+00:00,TSN,-0.29700914,0
2025-12-29 00:00:00+00:00,KMI,-0.29747596,0
2025-12-29 00:00:00+00:00,AMGN,-0.3016372,0
2025-12-29 00:00:00+00:00,GOOG,-0.30265406,0
2025-12-29 00:00:00+00:00,KVUE,-0.30797663,0
2025-12-29 00:00:00+00:00,JCI,-0.30923793,0
2025-12-29 00:00:00+00:00,GIS,-0.31064063,0
2025-12-29 00:00:00+00:00,HCA,-0.31074187,0
2025-12-29 00:00:00+00:00,ZBH,-0.3116674,0
2025-12-29 00:00:00+00:00,AMT,-0.31286657,0
2025-12-29 00:00:00+00:00,CCI,-0.3156781,0
2025-12-29 00:00:00+00:00,USB,-0.31568778,0
2025-12-29 00:00:00+00:00,DAY,-0.31633693,0
2025-12-29 00:00:00+00:00,EQIX,-0.31642205,0
2025-12-29 00:00:00+00:00,KO,-0.3174166,0
2025-12-29 00:00:00+00:00,FCX,-0.3176696,0
2025-12-29 00:00:00+00:00,CDW,-0.31787336,0
2025-12-29 00:00:00+00:00,KEYS,-0.31821975,0
2025-12-29 00:00:00+00:00,HUM,-0.31864828,0
2025-12-29 00:00:00+00:00,WBD,-0.31929517,0
2025-12-29 00:00:00+00:00,NVDA,-0.3201488,0
2025-12-29 00:00:00+00:00,PPG,-0.3207643,0
2025-12-29 00:00:00+00:00,GWW,-0.32140628,0
2025-12-29 00:00:00+00:00,VZ,-0.32203496,0
2025-12-29 00:00:00+00:00,BWA,-0.3224801,0
2025-12-29 00:00:00+00:00,TECH,-0.32451066,0
2025-12-29 00:00:00+00:00,FANG,-0.32818896,0
2025-12-29 00:00:00+00:00,MU,-0.3293563,0
2025-12-29 00:00:00+00:00,JBL,-0.33001202,0
2025-12-29 00:00:00+00:00,T,-0.33076933,0
2025-12-29 00:00:00+00:00,ACN,-0.33095306,0
2025-12-29 00:00:00+00:00,MNST,-0.3311428,0
2025-12-29 00:00:00+00:00,HBAN,-0.33267385,0
2025-12-29 00:00:00+00:00,DECK,-0.33472025,0
2025-12-29 00:00:00+00:00,NXPI,-0.33526728,0
2025-12-29 00:00:00+00:00,BDX,-0.3355809,0
2025-12-29 00:00:00+00:00,PKG,-0.33659694,0
2025-12-29 00:00:00+00:00,EPAM,-0.33757475,0
2025-12-29 00:00:00+00:00,FSLR,-0.3400249,0
2025-12-29 00:00:00+00:00,PNC,-0.34024346,0
2025-12-29 00:00:00+00:00,DPZ,-0.34127775,0
2025-12-29 00:00:00+00:00,CPB,-0.34139326,0
2025-12-29 00:00:00+00:00,MA,-0.34206638,0
2025-12-29 00:00:00+00:00,PSA,-0.3443342,0
2025-12-29 00:00:00+00:00,HII,-0.34554726,0
2025-12-29 00:00:00+00:00,VMC,-0.3476777,0
2025-12-29 00:00:00+00:00,IT,-0.35001558,0
2025-12-29 00:00:00+00:00,CTRA,-0.3502655,0
2025-12-29 00:00:00+00:00,ROP,-0.35183448,0
2025-12-29 00:00:00+00:00,MTCH,-0.35225618,0
2025-12-29 00:00:00+00:00,CL,-0.35405758,0
2025-12-29 00:00:00+00:00,DTE,-0.3556852,0
2025-12-29 00:00:00+00:00,BAX,-0.35636604,0
2025-12-29 00:00:00+00:00,ALL,-0.35722545,0
2025-12-29 00:00:00+00:00,IBM,-0.35745913,0
2025-12-29 00:00:00+00:00,LLY,-0.3594309,0
2025-12-29 00:00:00+00:00,ESS,-0.36068118,0
2025-12-29 00:00:00+00:00,CHRW,-0.3627923,0
2025-12-29 00:00:00+00:00,CF,-0.3632043,0
2025-12-29 00:00:00+00:00,ETN,-0.36555803,0
2025-12-29 00:00:00+00:00,CTAS,-0.36673295,0
2025-12-29 00:00:00+00:00,SNA,-0.36741424,0
2025-12-29 00:00:00+00:00,KIM,-0.36867642,0
2025-12-29 00:00:00+00:00,LW,-0.36960766,0
2025-12-29 00:00:00+00:00,VLO,-0.3708822,0
2025-12-29 00:00:00+00:00,COR,-0.37505612,0
2025-12-29 00:00:00+00:00,AOS,-0.38561803,0
2025-12-29 00:00:00+00:00,REGN,-0.38695517,0
2025-12-29 00:00:00+00:00,UAL,-0.3870184,0
2025-12-29 00:00:00+00:00,RCL,-0.38841882,0
2025-12-29 00:00:00+00:00,ORCL,-0.38871267,0
2025-12-29 00:00:00+00:00,DOW,-0.38913366,0
2025-12-29 00:00:00+00:00,IQV,-0.38928804,0
2025-12-29 00:00:00+00:00,GEN,-0.3900181,0
2025-12-29 00:00:00+00:00,TRMB,-0.3902221,0
2025-12-29 00:00:00+00:00,RMD,-0.39076802,0
2025-12-29 00:00:00+00:00,FMC,-0.39190915,0
2025-12-29 00:00:00+00:00,CARR,-0.39300913,0
2025-12-29 00:00:00+00:00,URI,-0.39444098,0
2025-12-29 00:00:00+00:00,MTD,-0.39453346,0
2025-12-29 00:00:00+00:00,DVN,-0.39634445,0
2025-12-29 00:00:00+00:00,MTB,-0.39714545,0
2025-12-29 00:00:00+00:00,FFIV,-0.40024573,0
2025-12-29 00:00:00+00:00,XEL,-0.40251365,0
2025-12-29 00:00:00+00:00,NEM,-0.40367824,0
2025-12-29 00:00:00+00:00,OTIS,-0.4037135,0
2025-12-29 00:00:00+00:00,LYB,-0.404427,0
2025-12-29 00:00:00+00:00,COST,-0.4058832,0
2025-12-29 00:00:00+00:00,WAT,-0.40942514,0
2025-12-29 00:00:00+00:00,TDY,-0.41301358,0
2025-12-29 00:00:00+00:00,IFF,-0.4145201,0
2025-12-29 00:00:00+00:00,VST,-0.41591436,0
2025-12-29 00:00:00+00:00,TRGP,-0.41924554,0
2025-12-29 00:00:00+00:00,CMG,-0.42086914,0
2025-12-29 00:00:00+00:00,META,-0.42616007,0
2025-12-29 00:00:00+00:00,REG,-0.42785907,0
2025-12-29 00:00:00+00:00,LHX,-0.42789376,0
2025-12-29 00:00:00+00:00,SLB,-0.43891826,0
2025-12-29 00:00:00+00:00,APA,-0.44386753,0
2025-12-29 00:00:00+00:00,FDS,-0.445153,0
2025-12-29 00:00:00+00:00,CEG,-0.44585568,0
2025-12-29 00:00:00+00:00,ADSK,-0.4556887,0
2025-12-29 00:00:00+00:00,KDP,-0.45886266,0
2025-12-29 00:00:00+00:00,DD,-0.45957494,0
2025-12-29 00:00:00+00:00,NRG,-0.45965022,0
2025-12-29 00:00:00+00:00,DHI,-0.46141928,0
2025-12-29 00:00:00+00:00,HLT,-0.46228758,0
2025-12-29 00:00:00+00:00,DRI,-0.46670505,0
2025-12-29 00:00:00+00:00,PODD,-0.4667942,0
2025-12-29 00:00:00+00:00,AXON,-0.46764386,0
2025-12-29 00:00:00+00:00,ALGN,-0.472121,0
2025-12-29 00:00:00+00:00,CMI,-0.47225314,0
2025-12-29 00:00:00+00:00,BKR,-0.47357205,0
2025-12-29 00:00:00+00:00,TYL,-0.47854283,0
2025-12-29 00:00:00+00:00,ZBRA,-0.48289722,0
2025-12-29 00:00:00+00:00,AVGO,-0.48553827,0
2025-12-29 00:00:00+00:00,MO,-0.4879471,0
2025-12-29 00:00:00+00:00,PYPL,-0.49046043,0
2025-12-29 00:00:00+00:00,MCK,-0.49049208,0
2025-12-29 00:00:00+00:00,DE,-0.49146193,0
2025-12-29 00:00:00+00:00,DLR,-0.49247107,0
2025-12-29 00:00:00+00:00,CAT,-0.49499312,0
2025-12-29 00:00:00+00:00,HPQ,-0.49507883,0
2025-12-29 00:00:00+00:00,CDNS,-0.50493985,0
2025-12-29 00:00:00+00:00,LH,-0.51437616,0
2025-12-29 00:00:00+00:00,KMB,-0.5150796,0
2025-12-29 00:00:00+00:00,FE,-0.5184249,0
2025-12-29 00:00:00+00:00,HSIC,-0.51869994,0
2025-12-29 00:00:00+00:00,SNPS,-0.52132076,0
2025-12-29 00:00:00+00:00,LIN,-0.5356642,0
2025-12-29 00:00:00+00:00,AZO,-0.5382161,0
2025-12-29 00:00:00+00:00,OXY,-0.5477619,0
2025-12-29 00:00:00+00:00,MSCI,-0.54821587,0
2025-12-29 00:00:00+00:00,TEL,-0.54971176,0
2025-12-29 00:00:00+00:00,MPC,-0.5521339,0
2025-12-29 00:00:00+00:00,CSCO,-0.5525298,0
2025-12-29 00:00:00+00:00,STX,-0.5565721,0
2025-12-29 00:00:00+00:00,HOLX,-0.5578834,0
2025-12-29 00:00:00+00:00,ELV,-0.56324863,0
2025-12-29 00:00:00+00:00,AMP,-0.5921635,0
2025-12-29 00:00:00+00:00,EG,-0.59510523,0
2025-12-29 00:00:00+00:00,MPWR,-0.6011503,0
2025-12-29 00:00:00+00:00,BLK,-0.60571194,0
2025-12-29 00:00:00+00:00,IDXX,-0.61442196,0
2025-12-29 00:00:00+00:00,CPAY,-0.6201021,0
2025-12-29 00:00:00+00:00,LULU,-0.6280789,0
2025-12-29 00:00:00+00:00,MAR,-0.64139515,0
2025-12-29 00:00:00+00:00,PWR,-0.6414839,0
2025-12-29 00:00:00+00:00,APTV,-0.66870624,0
2025-12-29 00:00:00+00:00,BAC,-0.6908955,0
2025-12-29 00:00:00+00:00,FICO,-0.6983767,0
2025-12-29 00:00:00+00:00,AMAT,-0.70052546,0
2025-12-29 00:00:00+00:00,PH,-0.7033893,0
2025-12-29 00:00:00+00:00,NOC,-0.70645696,0
2025-12-29 00:00:00+00:00,TSLA,-0.74863756,0
2025-12-29 00:00:00+00:00,BKNG,-0.773506,0
2025-12-29 00:00:00+00:00,TMO,-0.8119268,0
2025-12-29 00:00:00+00:00,TT,-0.8134686,0
2025-12-29 00:00:00+00:00,ROK,-0.8886025,0
2025-12-29 00:00:00+00:00,O,-0.8986606,0
2025-12-29 00:00:00+00:00,KLAC,-0.9130975,0
2025-12-29 00:00:00+00:00,SPGI,-0.91808236,0
2025-12-29 00:00:00+00:00,MCO,-1.1510311,0
